{"cameraMode":{"drawMode":0,"name":"Shaded","section":"Shading Mode"},"sceneLighting":true,"audioPlay":false,"sceneViewState":{"m_AlwaysRefresh":false,"showFog":true,"showSkybox":true,"showFlares":true,"showImageEffects":true,"showParticleSystems":true,"showVisualEffectGraphs":true,"m_FxEnabled":true},"in2DMode":false,"pivot":{"x":40.72663879394531,"y":-11.11046028137207,"z":-40.555397033691409},"rotation":{"x":-0.024805985391139985,"y":-0.9484255909919739,"z":0.30667784810066225,"w":-0.07677138596773148},"size":19.514869689941408,"orthographic":false}