{"cameraMode":{"drawMode":0,"name":"Shaded","section":"Shading Mode"},"sceneLighting":true,"audioPlay":false,"sceneViewState":{"m_AlwaysRefresh":false,"showFog":true,"showSkybox":true,"showFlares":true,"showImageEffects":true,"showParticleSystems":true,"showVisualEffectGraphs":true,"m_FxEnabled":true},"in2DMode":false,"pivot":{"x":28.962539672851564,"y":2.7270803451538088,"z":0.02184295654296875},"rotation":{"x":0.005448651500046253,"y":0.8046787977218628,"z":-0.007793658412992954,"w":0.5937226414680481},"size":14.142224311828614,"orthographic":false}