{"cameraMode":{"drawMode":0,"name":"Shaded","section":"Shading Mode"},"sceneLighting":true,"audioPlay":false,"sceneViewState":{"m_AlwaysRefresh":false,"showFog":true,"showSkybox":true,"showFlares":true,"showImageEffects":true,"showParticleSystems":true,"showVisualEffectGraphs":true,"m_FxEnabled":true},"in2DMode":false,"pivot":{"x":-0.019999980926513673,"y":0.6999998092651367,"z":-2.1499998569488527},"rotation":{"x":-0.22249794006347657,"y":-0.012294938787817955,"z":0.0028107331600040199,"w":-0.9748556613922119},"size":12.12435531616211,"orthographic":false}